-- Clean Production Seed File for ZPHS Agamothkur Student Result Portal
-- Run this in your Supabase SQL Editor

-- 1. Enable pgcrypto extension
CREATE EXTENSION IF NOT EXISTS pgcrypto;

-- 2. Schema Migration: Align public.students with new Admission Number schema
-- Drop date_of_birth since student authentication now uses name + admission_number
DO $$
BEGIN
  -- If roll_number exists, rename to admission_number
  IF EXISTS (
    SELECT 1 FROM information_schema.columns 
    WHERE table_schema = 'public' AND table_name = 'students' AND column_name = 'roll_number'
  ) THEN
    ALTER TABLE public.students RENAME COLUMN roll_number TO admission_number;
  END IF;

  -- If date_of_birth exists, drop it
  IF EXISTS (
    SELECT 1 FROM information_schema.columns 
    WHERE table_schema = 'public' AND table_name = 'students' AND column_name = 'date_of_birth'
  ) THEN
    ALTER TABLE public.students DROP COLUMN date_of_birth;
  END IF;

  -- Ensure unique constraint exists on admission_number
  IF NOT EXISTS (
    SELECT 1 FROM information_schema.table_constraints 
    WHERE table_schema = 'public' AND table_name = 'students' AND constraint_name = 'students_admission_number_key'
  ) THEN
    ALTER TABLE public.students ADD CONSTRAINT students_admission_number_key UNIQUE (admission_number);
  END IF;
END $$;

-- 3. Clean existing records to allow clean re-runs
DELETE FROM auth.users WHERE email IN ('admin@zphs.edu', 'teacher@zphs.edu');
DELETE FROM public.teachers WHERE email IN ('admin@zphs.edu', 'teacher@zphs.edu');
DELETE FROM public.students WHERE id LIKE 'stud-seeded-%';

-- 4. Seed school configuration
INSERT INTO public.schools (id, school_name, school_code, logo_url, address, academic_year, footer_text)
VALUES (
  'school-zphs-1',
  'ZPHS AGAMOTHKUR',
  '28160200501',
  'https://images.unsplash.com/photo-1546410531-bb4caa6b424d?auto=format&fit=crop&q=80&w=200',
  'Madugulapally Mandal, Nalgonda District, Telangana - 508228',
  '2025-2026',
  'Note: Regular attendance and home study are key to academic success. Keep learning!'
)
ON CONFLICT (id) DO UPDATE SET
  school_name = EXCLUDED.school_name,
  school_code = EXCLUDED.school_code,
  logo_url = EXCLUDED.logo_url,
  address = EXCLUDED.address,
  academic_year = EXCLUDED.academic_year,
  footer_text = EXCLUDED.footer_text;

-- 5. Seed teachers (Admin and standard Teacher accounts)
DO $$
DECLARE
  admin_id UUID := gen_random_uuid();
  teacher_id UUID := gen_random_uuid();
BEGIN
  -- Insert Admin user into auth.users
  INSERT INTO auth.users (
    id,
    instance_id,
    aud,
    role,
    email,
    encrypted_password,
    email_confirmed_at,
    confirmed_at,
    raw_app_meta_data,
    raw_user_meta_data,
    is_sso_user,
    created_at,
    updated_at
  )
  VALUES (
    admin_id,
    '00000000-0000-0000-0000-000000000000',
    'authenticated',
    'authenticated',
    'admin@zphs.edu',
    crypt('Password123', gen_salt('bf', 10)),
    now(),
    now(),
    '{"provider": "email", "providers": ["email"]}',
    '{}',
    false,
    now(),
    now()
  );

  -- Insert Admin profile into public.teachers
  INSERT INTO public.teachers (id, email, name, role)
  VALUES (admin_id, 'admin@zphs.edu', 'M. Srinivasa Rao (Principal)', 'admin');

  -- Insert Teacher user into auth.users
  INSERT INTO auth.users (
    id,
    instance_id,
    aud,
    role,
    email,
    encrypted_password,
    email_confirmed_at,
    confirmed_at,
    raw_app_meta_data,
    raw_user_meta_data,
    is_sso_user,
    created_at,
    updated_at
  )
  VALUES (
    teacher_id,
    '00000000-0000-0000-0000-000000000000',
    'authenticated',
    'authenticated',
    'teacher@zphs.edu',
    crypt('Password123', gen_salt('bf', 10)),
    now(),
    now(),
    '{"provider": "email", "providers": ["email"]}',
    '{}',
    false,
    now(),
    now()
  );

  -- Insert Teacher profile into public.teachers
  INSERT INTO public.teachers (id, email, name, role)
  VALUES (teacher_id, 'teacher@zphs.edu', 'K. Lalitha (Mathematics Teacher)', 'teacher');
END $$;

-- 6. Seed subjects (Telangana board curriculum)
INSERT INTO public.subjects (id, subject_name) VALUES
  ('sub-telugu', 'Telugu'),
  ('sub-hindi', 'Hindi'),
  ('sub-english', 'English'),
  ('sub-maths', 'Mathematics'),
  ('sub-phy-science', 'Physical Science'),
  ('sub-bio-science', 'Biological Science'),
  ('sub-social', 'Social Studies')
ON CONFLICT (id) DO UPDATE SET subject_name = EXCLUDED.subject_name;

-- 7. Seed 20 Students (Admission Numbers 7001 to 7020)
INSERT INTO public.students (id, admission_number, student_name, father_name, class, section, phone, school_id) VALUES ('stud-seeded-7001', '7001', 'Arjun Konda', 'Konda Sr.', '8', 'A', '9876543200', 'school-zphs-1') ON CONFLICT (admission_number) DO UPDATE SET student_name = EXCLUDED.student_name;
INSERT INTO public.students (id, admission_number, student_name, father_name, class, section, phone, school_id) VALUES ('stud-seeded-7002', '7002', 'Sai Madasu', 'Madasu Sr.', '9', 'B', '9876543201', 'school-zphs-1') ON CONFLICT (admission_number) DO UPDATE SET student_name = EXCLUDED.student_name;
INSERT INTO public.students (id, admission_number, student_name, father_name, class, section, phone, school_id) VALUES ('stud-seeded-7003', '7003', 'Karthik Bantu', 'Bantu Sr.', '10', 'A', '9876543202', 'school-zphs-1') ON CONFLICT (admission_number) DO UPDATE SET student_name = EXCLUDED.student_name;
INSERT INTO public.students (id, admission_number, student_name, father_name, class, section, phone, school_id) VALUES ('stud-seeded-7004', '7004', 'Pranathi Dasari', 'Dasari Sr.', '8', 'B', '9876543203', 'school-zphs-1') ON CONFLICT (admission_number) DO UPDATE SET student_name = EXCLUDED.student_name;
INSERT INTO public.students (id, admission_number, student_name, father_name, class, section, phone, school_id) VALUES ('stud-seeded-7005', '7005', 'Sravanthi Jujjuri', 'Jujjuri Sr.', '9', 'A', '9876543204', 'school-zphs-1') ON CONFLICT (admission_number) DO UPDATE SET student_name = EXCLUDED.student_name;
INSERT INTO public.students (id, admission_number, student_name, father_name, class, section, phone, school_id) VALUES ('stud-seeded-7006', '7006', 'Nikhil Kommu', 'Kommu Sr.', '10', 'B', '9876543205', 'school-zphs-1') ON CONFLICT (admission_number) DO UPDATE SET student_name = EXCLUDED.student_name;
INSERT INTO public.students (id, admission_number, student_name, father_name, class, section, phone, school_id) VALUES ('stud-seeded-7007', '7007', 'Pooja Nellutla', 'Nellutla Sr.', '8', 'A', '9876543206', 'school-zphs-1') ON CONFLICT (admission_number) DO UPDATE SET student_name = EXCLUDED.student_name;
INSERT INTO public.students (id, admission_number, student_name, father_name, class, section, phone, school_id) VALUES ('stud-seeded-7008', '7008', 'Lokesh Allutla', 'Allutla Sr.', '9', 'B', '9876543207', 'school-zphs-1') ON CONFLICT (admission_number) DO UPDATE SET student_name = EXCLUDED.student_name;
INSERT INTO public.students (id, admission_number, student_name, father_name, class, section, phone, school_id) VALUES ('stud-seeded-7009', '7009', 'Vineeth Andem', 'Andem Sr.', '10', 'A', '9876543208', 'school-zphs-1') ON CONFLICT (admission_number) DO UPDATE SET student_name = EXCLUDED.student_name;
INSERT INTO public.students (id, admission_number, student_name, father_name, class, section, phone, school_id) VALUES ('stud-seeded-7010', '7010', 'Siri Avirendla', 'Avirendla Sr.', '8', 'B', '9876543209', 'school-zphs-1') ON CONFLICT (admission_number) DO UPDATE SET student_name = EXCLUDED.student_name;
INSERT INTO public.students (id, admission_number, student_name, father_name, class, section, phone, school_id) VALUES ('stud-seeded-7011', '7011', 'Anusha Kurella', 'Kurella Sr.', '9', 'A', '9876543210', 'school-zphs-1') ON CONFLICT (admission_number) DO UPDATE SET student_name = EXCLUDED.student_name;
INSERT INTO public.students (id, admission_number, student_name, father_name, class, section, phone, school_id) VALUES ('stud-seeded-7012', '7012', 'Charitha Pandiri', 'Pandiri Sr.', '10', 'B', '9876543211', 'school-zphs-1') ON CONFLICT (admission_number) DO UPDATE SET student_name = EXCLUDED.student_name;
INSERT INTO public.students (id, admission_number, student_name, father_name, class, section, phone, school_id) VALUES ('stud-seeded-7013', '7013', 'Manikanta Nakirekanti', 'Nakirekanti Sr.', '8', 'A', '9876543212', 'school-zphs-1') ON CONFLICT (admission_number) DO UPDATE SET student_name = EXCLUDED.student_name;
INSERT INTO public.students (id, admission_number, student_name, father_name, class, section, phone, school_id) VALUES ('stud-seeded-7014', '7014', 'Ganesh Boddu', 'Boddu Sr.', '9', 'B', '9876543213', 'school-zphs-1') ON CONFLICT (admission_number) DO UPDATE SET student_name = EXCLUDED.student_name;
INSERT INTO public.students (id, admission_number, student_name, father_name, class, section, phone, school_id) VALUES ('stud-seeded-7015', '7015', 'Venkatesh Bommakanti', 'Bommakanti Sr.', '10', 'A', '9876543214', 'school-zphs-1') ON CONFLICT (admission_number) DO UPDATE SET student_name = EXCLUDED.student_name;
INSERT INTO public.students (id, admission_number, student_name, father_name, class, section, phone, school_id) VALUES ('stud-seeded-7016', '7016', 'Rishwik Kandlakunti', 'Kandlakunti Sr.', '8', 'B', '9876543215', 'school-zphs-1') ON CONFLICT (admission_number) DO UPDATE SET student_name = EXCLUDED.student_name;
INSERT INTO public.students (id, admission_number, student_name, father_name, class, section, phone, school_id) VALUES ('stud-seeded-7017', '7017', 'Varun Nellore', 'Nellore Sr.', '9', 'A', '9876543216', 'school-zphs-1') ON CONFLICT (admission_number) DO UPDATE SET student_name = EXCLUDED.student_name;
INSERT INTO public.students (id, admission_number, student_name, father_name, class, section, phone, school_id) VALUES ('stud-seeded-7018', '7018', 'Tejasri Bairi', 'Bairi Sr.', '10', 'B', '9876543217', 'school-zphs-1') ON CONFLICT (admission_number) DO UPDATE SET student_name = EXCLUDED.student_name;
INSERT INTO public.students (id, admission_number, student_name, father_name, class, section, phone, school_id) VALUES ('stud-seeded-7019', '7019', 'Akshaya Chekka', 'Chekka Sr.', '8', 'A', '9876543218', 'school-zphs-1') ON CONFLICT (admission_number) DO UPDATE SET student_name = EXCLUDED.student_name;
INSERT INTO public.students (id, admission_number, student_name, father_name, class, section, phone, school_id) VALUES ('stud-seeded-7020', '7020', 'Bhavana Palla', 'Palla Sr.', '9', 'B', '9876543219', 'school-zphs-1') ON CONFLICT (admission_number) DO UPDATE SET student_name = EXCLUDED.student_name;

-- 8. Seed Marks for all students and subjects
INSERT INTO public.marks (id, student_id, subject_id, fa1, fa2, fa3, fa4, sa1, sa2, updated_at) VALUES ('m-seeded-7001-sub-telugu', 'stud-seeded-7001', 'sub-telugu', 14, 16, 18, 20, 65, 65, now()) ON CONFLICT (student_id, subject_id) DO UPDATE SET fa1 = EXCLUDED.fa1, fa2 = EXCLUDED.fa2, fa3 = EXCLUDED.fa3, fa4 = EXCLUDED.fa4, sa1 = EXCLUDED.sa1, sa2 = EXCLUDED.sa2;
INSERT INTO public.marks (id, student_id, subject_id, fa1, fa2, fa3, fa4, sa1, sa2, updated_at) VALUES ('m-seeded-7001-sub-hindi', 'stud-seeded-7001', 'sub-hindi', 15, 17, 19, 14, 68, 70, now()) ON CONFLICT (student_id, subject_id) DO UPDATE SET fa1 = EXCLUDED.fa1, fa2 = EXCLUDED.fa2, fa3 = EXCLUDED.fa3, fa4 = EXCLUDED.fa4, sa1 = EXCLUDED.sa1, sa2 = EXCLUDED.sa2;
INSERT INTO public.marks (id, student_id, subject_id, fa1, fa2, fa3, fa4, sa1, sa2, updated_at) VALUES ('m-seeded-7001-sub-english', 'stud-seeded-7001', 'sub-english', 16, 18, 20, 15, 71, 75, now()) ON CONFLICT (student_id, subject_id) DO UPDATE SET fa1 = EXCLUDED.fa1, fa2 = EXCLUDED.fa2, fa3 = EXCLUDED.fa3, fa4 = EXCLUDED.fa4, sa1 = EXCLUDED.sa1, sa2 = EXCLUDED.sa2;
INSERT INTO public.marks (id, student_id, subject_id, fa1, fa2, fa3, fa4, sa1, sa2, updated_at) VALUES ('m-seeded-7001-sub-maths', 'stud-seeded-7001', 'sub-maths', 17, 19, 14, 16, 74, 80, now()) ON CONFLICT (student_id, subject_id) DO UPDATE SET fa1 = EXCLUDED.fa1, fa2 = EXCLUDED.fa2, fa3 = EXCLUDED.fa3, fa4 = EXCLUDED.fa4, sa1 = EXCLUDED.sa1, sa2 = EXCLUDED.sa2;
INSERT INTO public.marks (id, student_id, subject_id, fa1, fa2, fa3, fa4, sa1, sa2, updated_at) VALUES ('m-seeded-7001-sub-phy-science', 'stud-seeded-7001', 'sub-phy-science', 18, 20, 15, 17, 77, 85, now()) ON CONFLICT (student_id, subject_id) DO UPDATE SET fa1 = EXCLUDED.fa1, fa2 = EXCLUDED.fa2, fa3 = EXCLUDED.fa3, fa4 = EXCLUDED.fa4, sa1 = EXCLUDED.sa1, sa2 = EXCLUDED.sa2;
INSERT INTO public.marks (id, student_id, subject_id, fa1, fa2, fa3, fa4, sa1, sa2, updated_at) VALUES ('m-seeded-7001-sub-bio-science', 'stud-seeded-7001', 'sub-bio-science', 19, 14, 16, 18, 80, 90, now()) ON CONFLICT (student_id, subject_id) DO UPDATE SET fa1 = EXCLUDED.fa1, fa2 = EXCLUDED.fa2, fa3 = EXCLUDED.fa3, fa4 = EXCLUDED.fa4, sa1 = EXCLUDED.sa1, sa2 = EXCLUDED.sa2;
INSERT INTO public.marks (id, student_id, subject_id, fa1, fa2, fa3, fa4, sa1, sa2, updated_at) VALUES ('m-seeded-7001-sub-social', 'stud-seeded-7001', 'sub-social', 20, 15, 17, 19, 83, 95, now()) ON CONFLICT (student_id, subject_id) DO UPDATE SET fa1 = EXCLUDED.fa1, fa2 = EXCLUDED.fa2, fa3 = EXCLUDED.fa3, fa4 = EXCLUDED.fa4, sa1 = EXCLUDED.sa1, sa2 = EXCLUDED.sa2;
INSERT INTO public.marks (id, student_id, subject_id, fa1, fa2, fa3, fa4, sa1, sa2, updated_at) VALUES ('m-seeded-7002-sub-telugu', 'stud-seeded-7002', 'sub-telugu', 14, 16, 18, 20, 86, 69, now()) ON CONFLICT (student_id, subject_id) DO UPDATE SET fa1 = EXCLUDED.fa1, fa2 = EXCLUDED.fa2, fa3 = EXCLUDED.fa3, fa4 = EXCLUDED.fa4, sa1 = EXCLUDED.sa1, sa2 = EXCLUDED.sa2;
INSERT INTO public.marks (id, student_id, subject_id, fa1, fa2, fa3, fa4, sa1, sa2, updated_at) VALUES ('m-seeded-7002-sub-hindi', 'stud-seeded-7002', 'sub-hindi', 15, 17, 19, 14, 89, 74, now()) ON CONFLICT (student_id, subject_id) DO UPDATE SET fa1 = EXCLUDED.fa1, fa2 = EXCLUDED.fa2, fa3 = EXCLUDED.fa3, fa4 = EXCLUDED.fa4, sa1 = EXCLUDED.sa1, sa2 = EXCLUDED.sa2;
INSERT INTO public.marks (id, student_id, subject_id, fa1, fa2, fa3, fa4, sa1, sa2, updated_at) VALUES ('m-seeded-7002-sub-english', 'stud-seeded-7002', 'sub-english', 16, 18, 20, 15, 92, 79, now()) ON CONFLICT (student_id, subject_id) DO UPDATE SET fa1 = EXCLUDED.fa1, fa2 = EXCLUDED.fa2, fa3 = EXCLUDED.fa3, fa4 = EXCLUDED.fa4, sa1 = EXCLUDED.sa1, sa2 = EXCLUDED.sa2;
INSERT INTO public.marks (id, student_id, subject_id, fa1, fa2, fa3, fa4, sa1, sa2, updated_at) VALUES ('m-seeded-7002-sub-maths', 'stud-seeded-7002', 'sub-maths', 17, 19, 14, 16, 95, 84, now()) ON CONFLICT (student_id, subject_id) DO UPDATE SET fa1 = EXCLUDED.fa1, fa2 = EXCLUDED.fa2, fa3 = EXCLUDED.fa3, fa4 = EXCLUDED.fa4, sa1 = EXCLUDED.sa1, sa2 = EXCLUDED.sa2;
INSERT INTO public.marks (id, student_id, subject_id, fa1, fa2, fa3, fa4, sa1, sa2, updated_at) VALUES ('m-seeded-7002-sub-phy-science', 'stud-seeded-7002', 'sub-phy-science', 18, 20, 15, 17, 67, 89, now()) ON CONFLICT (student_id, subject_id) DO UPDATE SET fa1 = EXCLUDED.fa1, fa2 = EXCLUDED.fa2, fa3 = EXCLUDED.fa3, fa4 = EXCLUDED.fa4, sa1 = EXCLUDED.sa1, sa2 = EXCLUDED.sa2;
INSERT INTO public.marks (id, student_id, subject_id, fa1, fa2, fa3, fa4, sa1, sa2, updated_at) VALUES ('m-seeded-7002-sub-bio-science', 'stud-seeded-7002', 'sub-bio-science', 19, 14, 16, 18, 70, 94, now()) ON CONFLICT (student_id, subject_id) DO UPDATE SET fa1 = EXCLUDED.fa1, fa2 = EXCLUDED.fa2, fa3 = EXCLUDED.fa3, fa4 = EXCLUDED.fa4, sa1 = EXCLUDED.sa1, sa2 = EXCLUDED.sa2;
INSERT INTO public.marks (id, student_id, subject_id, fa1, fa2, fa3, fa4, sa1, sa2, updated_at) VALUES ('m-seeded-7002-sub-social', 'stud-seeded-7002', 'sub-social', 20, 15, 17, 19, 73, 68, now()) ON CONFLICT (student_id, subject_id) DO UPDATE SET fa1 = EXCLUDED.fa1, fa2 = EXCLUDED.fa2, fa3 = EXCLUDED.fa3, fa4 = EXCLUDED.fa4, sa1 = EXCLUDED.sa1, sa2 = EXCLUDED.sa2;
INSERT INTO public.marks (id, student_id, subject_id, fa1, fa2, fa3, fa4, sa1, sa2, updated_at) VALUES ('m-seeded-7003-sub-telugu', 'stud-seeded-7003', 'sub-telugu', 14, 16, 18, 20, 76, 73, now()) ON CONFLICT (student_id, subject_id) DO UPDATE SET fa1 = EXCLUDED.fa1, fa2 = EXCLUDED.fa2, fa3 = EXCLUDED.fa3, fa4 = EXCLUDED.fa4, sa1 = EXCLUDED.sa1, sa2 = EXCLUDED.sa2;
INSERT INTO public.marks (id, student_id, subject_id, fa1, fa2, fa3, fa4, sa1, sa2, updated_at) VALUES ('m-seeded-7003-sub-hindi', 'stud-seeded-7003', 'sub-hindi', 15, 17, 19, 14, 79, 78, now()) ON CONFLICT (student_id, subject_id) DO UPDATE SET fa1 = EXCLUDED.fa1, fa2 = EXCLUDED.fa2, fa3 = EXCLUDED.fa3, fa4 = EXCLUDED.fa4, sa1 = EXCLUDED.sa1, sa2 = EXCLUDED.sa2;
INSERT INTO public.marks (id, student_id, subject_id, fa1, fa2, fa3, fa4, sa1, sa2, updated_at) VALUES ('m-seeded-7003-sub-english', 'stud-seeded-7003', 'sub-english', 16, 18, 20, 15, 82, 83, now()) ON CONFLICT (student_id, subject_id) DO UPDATE SET fa1 = EXCLUDED.fa1, fa2 = EXCLUDED.fa2, fa3 = EXCLUDED.fa3, fa4 = EXCLUDED.fa4, sa1 = EXCLUDED.sa1, sa2 = EXCLUDED.sa2;
INSERT INTO public.marks (id, student_id, subject_id, fa1, fa2, fa3, fa4, sa1, sa2, updated_at) VALUES ('m-seeded-7003-sub-maths', 'stud-seeded-7003', 'sub-maths', 17, 19, 14, 16, 85, 88, now()) ON CONFLICT (student_id, subject_id) DO UPDATE SET fa1 = EXCLUDED.fa1, fa2 = EXCLUDED.fa2, fa3 = EXCLUDED.fa3, fa4 = EXCLUDED.fa4, sa1 = EXCLUDED.sa1, sa2 = EXCLUDED.sa2;
INSERT INTO public.marks (id, student_id, subject_id, fa1, fa2, fa3, fa4, sa1, sa2, updated_at) VALUES ('m-seeded-7003-sub-phy-science', 'stud-seeded-7003', 'sub-phy-science', 18, 20, 15, 17, 88, 93, now()) ON CONFLICT (student_id, subject_id) DO UPDATE SET fa1 = EXCLUDED.fa1, fa2 = EXCLUDED.fa2, fa3 = EXCLUDED.fa3, fa4 = EXCLUDED.fa4, sa1 = EXCLUDED.sa1, sa2 = EXCLUDED.sa2;
INSERT INTO public.marks (id, student_id, subject_id, fa1, fa2, fa3, fa4, sa1, sa2, updated_at) VALUES ('m-seeded-7003-sub-bio-science', 'stud-seeded-7003', 'sub-bio-science', 19, 14, 16, 18, 91, 67, now()) ON CONFLICT (student_id, subject_id) DO UPDATE SET fa1 = EXCLUDED.fa1, fa2 = EXCLUDED.fa2, fa3 = EXCLUDED.fa3, fa4 = EXCLUDED.fa4, sa1 = EXCLUDED.sa1, sa2 = EXCLUDED.sa2;
INSERT INTO public.marks (id, student_id, subject_id, fa1, fa2, fa3, fa4, sa1, sa2, updated_at) VALUES ('m-seeded-7003-sub-social', 'stud-seeded-7003', 'sub-social', 20, 15, 17, 19, 94, 72, now()) ON CONFLICT (student_id, subject_id) DO UPDATE SET fa1 = EXCLUDED.fa1, fa2 = EXCLUDED.fa2, fa3 = EXCLUDED.fa3, fa4 = EXCLUDED.fa4, sa1 = EXCLUDED.sa1, sa2 = EXCLUDED.sa2;
INSERT INTO public.marks (id, student_id, subject_id, fa1, fa2, fa3, fa4, sa1, sa2, updated_at) VALUES ('m-seeded-7004-sub-telugu', 'stud-seeded-7004', 'sub-telugu', 14, 16, 18, 20, 66, 77, now()) ON CONFLICT (student_id, subject_id) DO UPDATE SET fa1 = EXCLUDED.fa1, fa2 = EXCLUDED.fa2, fa3 = EXCLUDED.fa3, fa4 = EXCLUDED.fa4, sa1 = EXCLUDED.sa1, sa2 = EXCLUDED.sa2;
INSERT INTO public.marks (id, student_id, subject_id, fa1, fa2, fa3, fa4, sa1, sa2, updated_at) VALUES ('m-seeded-7004-sub-hindi', 'stud-seeded-7004', 'sub-hindi', 15, 17, 19, 14, 69, 82, now()) ON CONFLICT (student_id, subject_id) DO UPDATE SET fa1 = EXCLUDED.fa1, fa2 = EXCLUDED.fa2, fa3 = EXCLUDED.fa3, fa4 = EXCLUDED.fa4, sa1 = EXCLUDED.sa1, sa2 = EXCLUDED.sa2;
INSERT INTO public.marks (id, student_id, subject_id, fa1, fa2, fa3, fa4, sa1, sa2, updated_at) VALUES ('m-seeded-7004-sub-english', 'stud-seeded-7004', 'sub-english', 16, 18, 20, 15, 72, 87, now()) ON CONFLICT (student_id, subject_id) DO UPDATE SET fa1 = EXCLUDED.fa1, fa2 = EXCLUDED.fa2, fa3 = EXCLUDED.fa3, fa4 = EXCLUDED.fa4, sa1 = EXCLUDED.sa1, sa2 = EXCLUDED.sa2;
INSERT INTO public.marks (id, student_id, subject_id, fa1, fa2, fa3, fa4, sa1, sa2, updated_at) VALUES ('m-seeded-7004-sub-maths', 'stud-seeded-7004', 'sub-maths', 17, 19, 14, 16, 75, 92, now()) ON CONFLICT (student_id, subject_id) DO UPDATE SET fa1 = EXCLUDED.fa1, fa2 = EXCLUDED.fa2, fa3 = EXCLUDED.fa3, fa4 = EXCLUDED.fa4, sa1 = EXCLUDED.sa1, sa2 = EXCLUDED.sa2;
INSERT INTO public.marks (id, student_id, subject_id, fa1, fa2, fa3, fa4, sa1, sa2, updated_at) VALUES ('m-seeded-7004-sub-phy-science', 'stud-seeded-7004', 'sub-phy-science', 18, 20, 15, 17, 78, 66, now()) ON CONFLICT (student_id, subject_id) DO UPDATE SET fa1 = EXCLUDED.fa1, fa2 = EXCLUDED.fa2, fa3 = EXCLUDED.fa3, fa4 = EXCLUDED.fa4, sa1 = EXCLUDED.sa1, sa2 = EXCLUDED.sa2;
INSERT INTO public.marks (id, student_id, subject_id, fa1, fa2, fa3, fa4, sa1, sa2, updated_at) VALUES ('m-seeded-7004-sub-bio-science', 'stud-seeded-7004', 'sub-bio-science', 19, 14, 16, 18, 81, 71, now()) ON CONFLICT (student_id, subject_id) DO UPDATE SET fa1 = EXCLUDED.fa1, fa2 = EXCLUDED.fa2, fa3 = EXCLUDED.fa3, fa4 = EXCLUDED.fa4, sa1 = EXCLUDED.sa1, sa2 = EXCLUDED.sa2;
INSERT INTO public.marks (id, student_id, subject_id, fa1, fa2, fa3, fa4, sa1, sa2, updated_at) VALUES ('m-seeded-7004-sub-social', 'stud-seeded-7004', 'sub-social', 20, 15, 17, 19, 84, 76, now()) ON CONFLICT (student_id, subject_id) DO UPDATE SET fa1 = EXCLUDED.fa1, fa2 = EXCLUDED.fa2, fa3 = EXCLUDED.fa3, fa4 = EXCLUDED.fa4, sa1 = EXCLUDED.sa1, sa2 = EXCLUDED.sa2;
INSERT INTO public.marks (id, student_id, subject_id, fa1, fa2, fa3, fa4, sa1, sa2, updated_at) VALUES ('m-seeded-7005-sub-telugu', 'stud-seeded-7005', 'sub-telugu', 14, 16, 18, 20, 87, 81, now()) ON CONFLICT (student_id, subject_id) DO UPDATE SET fa1 = EXCLUDED.fa1, fa2 = EXCLUDED.fa2, fa3 = EXCLUDED.fa3, fa4 = EXCLUDED.fa4, sa1 = EXCLUDED.sa1, sa2 = EXCLUDED.sa2;
INSERT INTO public.marks (id, student_id, subject_id, fa1, fa2, fa3, fa4, sa1, sa2, updated_at) VALUES ('m-seeded-7005-sub-hindi', 'stud-seeded-7005', 'sub-hindi', 15, 17, 19, 14, 90, 86, now()) ON CONFLICT (student_id, subject_id) DO UPDATE SET fa1 = EXCLUDED.fa1, fa2 = EXCLUDED.fa2, fa3 = EXCLUDED.fa3, fa4 = EXCLUDED.fa4, sa1 = EXCLUDED.sa1, sa2 = EXCLUDED.sa2;
INSERT INTO public.marks (id, student_id, subject_id, fa1, fa2, fa3, fa4, sa1, sa2, updated_at) VALUES ('m-seeded-7005-sub-english', 'stud-seeded-7005', 'sub-english', 16, 18, 20, 15, 93, 91, now()) ON CONFLICT (student_id, subject_id) DO UPDATE SET fa1 = EXCLUDED.fa1, fa2 = EXCLUDED.fa2, fa3 = EXCLUDED.fa3, fa4 = EXCLUDED.fa4, sa1 = EXCLUDED.sa1, sa2 = EXCLUDED.sa2;
INSERT INTO public.marks (id, student_id, subject_id, fa1, fa2, fa3, fa4, sa1, sa2, updated_at) VALUES ('m-seeded-7005-sub-maths', 'stud-seeded-7005', 'sub-maths', 17, 19, 14, 16, 65, 65, now()) ON CONFLICT (student_id, subject_id) DO UPDATE SET fa1 = EXCLUDED.fa1, fa2 = EXCLUDED.fa2, fa3 = EXCLUDED.fa3, fa4 = EXCLUDED.fa4, sa1 = EXCLUDED.sa1, sa2 = EXCLUDED.sa2;
INSERT INTO public.marks (id, student_id, subject_id, fa1, fa2, fa3, fa4, sa1, sa2, updated_at) VALUES ('m-seeded-7005-sub-phy-science', 'stud-seeded-7005', 'sub-phy-science', 18, 20, 15, 17, 68, 70, now()) ON CONFLICT (student_id, subject_id) DO UPDATE SET fa1 = EXCLUDED.fa1, fa2 = EXCLUDED.fa2, fa3 = EXCLUDED.fa3, fa4 = EXCLUDED.fa4, sa1 = EXCLUDED.sa1, sa2 = EXCLUDED.sa2;
INSERT INTO public.marks (id, student_id, subject_id, fa1, fa2, fa3, fa4, sa1, sa2, updated_at) VALUES ('m-seeded-7005-sub-bio-science', 'stud-seeded-7005', 'sub-bio-science', 19, 14, 16, 18, 71, 75, now()) ON CONFLICT (student_id, subject_id) DO UPDATE SET fa1 = EXCLUDED.fa1, fa2 = EXCLUDED.fa2, fa3 = EXCLUDED.fa3, fa4 = EXCLUDED.fa4, sa1 = EXCLUDED.sa1, sa2 = EXCLUDED.sa2;
INSERT INTO public.marks (id, student_id, subject_id, fa1, fa2, fa3, fa4, sa1, sa2, updated_at) VALUES ('m-seeded-7005-sub-social', 'stud-seeded-7005', 'sub-social', 20, 15, 17, 19, 74, 80, now()) ON CONFLICT (student_id, subject_id) DO UPDATE SET fa1 = EXCLUDED.fa1, fa2 = EXCLUDED.fa2, fa3 = EXCLUDED.fa3, fa4 = EXCLUDED.fa4, sa1 = EXCLUDED.sa1, sa2 = EXCLUDED.sa2;
INSERT INTO public.marks (id, student_id, subject_id, fa1, fa2, fa3, fa4, sa1, sa2, updated_at) VALUES ('m-seeded-7006-sub-telugu', 'stud-seeded-7006', 'sub-telugu', 14, 16, 18, 20, 77, 85, now()) ON CONFLICT (student_id, subject_id) DO UPDATE SET fa1 = EXCLUDED.fa1, fa2 = EXCLUDED.fa2, fa3 = EXCLUDED.fa3, fa4 = EXCLUDED.fa4, sa1 = EXCLUDED.sa1, sa2 = EXCLUDED.sa2;
INSERT INTO public.marks (id, student_id, subject_id, fa1, fa2, fa3, fa4, sa1, sa2, updated_at) VALUES ('m-seeded-7006-sub-hindi', 'stud-seeded-7006', 'sub-hindi', 15, 17, 19, 14, 80, 90, now()) ON CONFLICT (student_id, subject_id) DO UPDATE SET fa1 = EXCLUDED.fa1, fa2 = EXCLUDED.fa2, fa3 = EXCLUDED.fa3, fa4 = EXCLUDED.fa4, sa1 = EXCLUDED.sa1, sa2 = EXCLUDED.sa2;
INSERT INTO public.marks (id, student_id, subject_id, fa1, fa2, fa3, fa4, sa1, sa2, updated_at) VALUES ('m-seeded-7006-sub-english', 'stud-seeded-7006', 'sub-english', 16, 18, 20, 15, 83, 95, now()) ON CONFLICT (student_id, subject_id) DO UPDATE SET fa1 = EXCLUDED.fa1, fa2 = EXCLUDED.fa2, fa3 = EXCLUDED.fa3, fa4 = EXCLUDED.fa4, sa1 = EXCLUDED.sa1, sa2 = EXCLUDED.sa2;
INSERT INTO public.marks (id, student_id, subject_id, fa1, fa2, fa3, fa4, sa1, sa2, updated_at) VALUES ('m-seeded-7006-sub-maths', 'stud-seeded-7006', 'sub-maths', 17, 19, 14, 16, 86, 69, now()) ON CONFLICT (student_id, subject_id) DO UPDATE SET fa1 = EXCLUDED.fa1, fa2 = EXCLUDED.fa2, fa3 = EXCLUDED.fa3, fa4 = EXCLUDED.fa4, sa1 = EXCLUDED.sa1, sa2 = EXCLUDED.sa2;
INSERT INTO public.marks (id, student_id, subject_id, fa1, fa2, fa3, fa4, sa1, sa2, updated_at) VALUES ('m-seeded-7006-sub-phy-science', 'stud-seeded-7006', 'sub-phy-science', 18, 20, 15, 17, 89, 74, now()) ON CONFLICT (student_id, subject_id) DO UPDATE SET fa1 = EXCLUDED.fa1, fa2 = EXCLUDED.fa2, fa3 = EXCLUDED.fa3, fa4 = EXCLUDED.fa4, sa1 = EXCLUDED.sa1, sa2 = EXCLUDED.sa2;
INSERT INTO public.marks (id, student_id, subject_id, fa1, fa2, fa3, fa4, sa1, sa2, updated_at) VALUES ('m-seeded-7006-sub-bio-science', 'stud-seeded-7006', 'sub-bio-science', 19, 14, 16, 18, 92, 79, now()) ON CONFLICT (student_id, subject_id) DO UPDATE SET fa1 = EXCLUDED.fa1, fa2 = EXCLUDED.fa2, fa3 = EXCLUDED.fa3, fa4 = EXCLUDED.fa4, sa1 = EXCLUDED.sa1, sa2 = EXCLUDED.sa2;
INSERT INTO public.marks (id, student_id, subject_id, fa1, fa2, fa3, fa4, sa1, sa2, updated_at) VALUES ('m-seeded-7006-sub-social', 'stud-seeded-7006', 'sub-social', 20, 15, 17, 19, 95, 84, now()) ON CONFLICT (student_id, subject_id) DO UPDATE SET fa1 = EXCLUDED.fa1, fa2 = EXCLUDED.fa2, fa3 = EXCLUDED.fa3, fa4 = EXCLUDED.fa4, sa1 = EXCLUDED.sa1, sa2 = EXCLUDED.sa2;
INSERT INTO public.marks (id, student_id, subject_id, fa1, fa2, fa3, fa4, sa1, sa2, updated_at) VALUES ('m-seeded-7007-sub-telugu', 'stud-seeded-7007', 'sub-telugu', 14, 16, 18, 20, 67, 89, now()) ON CONFLICT (student_id, subject_id) DO UPDATE SET fa1 = EXCLUDED.fa1, fa2 = EXCLUDED.fa2, fa3 = EXCLUDED.fa3, fa4 = EXCLUDED.fa4, sa1 = EXCLUDED.sa1, sa2 = EXCLUDED.sa2;
INSERT INTO public.marks (id, student_id, subject_id, fa1, fa2, fa3, fa4, sa1, sa2, updated_at) VALUES ('m-seeded-7007-sub-hindi', 'stud-seeded-7007', 'sub-hindi', 15, 17, 19, 14, 70, 94, now()) ON CONFLICT (student_id, subject_id) DO UPDATE SET fa1 = EXCLUDED.fa1, fa2 = EXCLUDED.fa2, fa3 = EXCLUDED.fa3, fa4 = EXCLUDED.fa4, sa1 = EXCLUDED.sa1, sa2 = EXCLUDED.sa2;
INSERT INTO public.marks (id, student_id, subject_id, fa1, fa2, fa3, fa4, sa1, sa2, updated_at) VALUES ('m-seeded-7007-sub-english', 'stud-seeded-7007', 'sub-english', 16, 18, 20, 15, 73, 68, now()) ON CONFLICT (student_id, subject_id) DO UPDATE SET fa1 = EXCLUDED.fa1, fa2 = EXCLUDED.fa2, fa3 = EXCLUDED.fa3, fa4 = EXCLUDED.fa4, sa1 = EXCLUDED.sa1, sa2 = EXCLUDED.sa2;
INSERT INTO public.marks (id, student_id, subject_id, fa1, fa2, fa3, fa4, sa1, sa2, updated_at) VALUES ('m-seeded-7007-sub-maths', 'stud-seeded-7007', 'sub-maths', 17, 19, 14, 16, 76, 73, now()) ON CONFLICT (student_id, subject_id) DO UPDATE SET fa1 = EXCLUDED.fa1, fa2 = EXCLUDED.fa2, fa3 = EXCLUDED.fa3, fa4 = EXCLUDED.fa4, sa1 = EXCLUDED.sa1, sa2 = EXCLUDED.sa2;
INSERT INTO public.marks (id, student_id, subject_id, fa1, fa2, fa3, fa4, sa1, sa2, updated_at) VALUES ('m-seeded-7007-sub-phy-science', 'stud-seeded-7007', 'sub-phy-science', 18, 20, 15, 17, 79, 78, now()) ON CONFLICT (student_id, subject_id) DO UPDATE SET fa1 = EXCLUDED.fa1, fa2 = EXCLUDED.fa2, fa3 = EXCLUDED.fa3, fa4 = EXCLUDED.fa4, sa1 = EXCLUDED.sa1, sa2 = EXCLUDED.sa2;
INSERT INTO public.marks (id, student_id, subject_id, fa1, fa2, fa3, fa4, sa1, sa2, updated_at) VALUES ('m-seeded-7007-sub-bio-science', 'stud-seeded-7007', 'sub-bio-science', 19, 14, 16, 18, 82, 83, now()) ON CONFLICT (student_id, subject_id) DO UPDATE SET fa1 = EXCLUDED.fa1, fa2 = EXCLUDED.fa2, fa3 = EXCLUDED.fa3, fa4 = EXCLUDED.fa4, sa1 = EXCLUDED.sa1, sa2 = EXCLUDED.sa2;
INSERT INTO public.marks (id, student_id, subject_id, fa1, fa2, fa3, fa4, sa1, sa2, updated_at) VALUES ('m-seeded-7007-sub-social', 'stud-seeded-7007', 'sub-social', 20, 15, 17, 19, 85, 88, now()) ON CONFLICT (student_id, subject_id) DO UPDATE SET fa1 = EXCLUDED.fa1, fa2 = EXCLUDED.fa2, fa3 = EXCLUDED.fa3, fa4 = EXCLUDED.fa4, sa1 = EXCLUDED.sa1, sa2 = EXCLUDED.sa2;
INSERT INTO public.marks (id, student_id, subject_id, fa1, fa2, fa3, fa4, sa1, sa2, updated_at) VALUES ('m-seeded-7008-sub-telugu', 'stud-seeded-7008', 'sub-telugu', 14, 16, 18, 20, 88, 93, now()) ON CONFLICT (student_id, subject_id) DO UPDATE SET fa1 = EXCLUDED.fa1, fa2 = EXCLUDED.fa2, fa3 = EXCLUDED.fa3, fa4 = EXCLUDED.fa4, sa1 = EXCLUDED.sa1, sa2 = EXCLUDED.sa2;
INSERT INTO public.marks (id, student_id, subject_id, fa1, fa2, fa3, fa4, sa1, sa2, updated_at) VALUES ('m-seeded-7008-sub-hindi', 'stud-seeded-7008', 'sub-hindi', 15, 17, 19, 14, 91, 67, now()) ON CONFLICT (student_id, subject_id) DO UPDATE SET fa1 = EXCLUDED.fa1, fa2 = EXCLUDED.fa2, fa3 = EXCLUDED.fa3, fa4 = EXCLUDED.fa4, sa1 = EXCLUDED.sa1, sa2 = EXCLUDED.sa2;
INSERT INTO public.marks (id, student_id, subject_id, fa1, fa2, fa3, fa4, sa1, sa2, updated_at) VALUES ('m-seeded-7008-sub-english', 'stud-seeded-7008', 'sub-english', 16, 18, 20, 15, 94, 72, now()) ON CONFLICT (student_id, subject_id) DO UPDATE SET fa1 = EXCLUDED.fa1, fa2 = EXCLUDED.fa2, fa3 = EXCLUDED.fa3, fa4 = EXCLUDED.fa4, sa1 = EXCLUDED.sa1, sa2 = EXCLUDED.sa2;
INSERT INTO public.marks (id, student_id, subject_id, fa1, fa2, fa3, fa4, sa1, sa2, updated_at) VALUES ('m-seeded-7008-sub-maths', 'stud-seeded-7008', 'sub-maths', 17, 19, 14, 16, 66, 77, now()) ON CONFLICT (student_id, subject_id) DO UPDATE SET fa1 = EXCLUDED.fa1, fa2 = EXCLUDED.fa2, fa3 = EXCLUDED.fa3, fa4 = EXCLUDED.fa4, sa1 = EXCLUDED.sa1, sa2 = EXCLUDED.sa2;
INSERT INTO public.marks (id, student_id, subject_id, fa1, fa2, fa3, fa4, sa1, sa2, updated_at) VALUES ('m-seeded-7008-sub-phy-science', 'stud-seeded-7008', 'sub-phy-science', 18, 20, 15, 17, 69, 82, now()) ON CONFLICT (student_id, subject_id) DO UPDATE SET fa1 = EXCLUDED.fa1, fa2 = EXCLUDED.fa2, fa3 = EXCLUDED.fa3, fa4 = EXCLUDED.fa4, sa1 = EXCLUDED.sa1, sa2 = EXCLUDED.sa2;
INSERT INTO public.marks (id, student_id, subject_id, fa1, fa2, fa3, fa4, sa1, sa2, updated_at) VALUES ('m-seeded-7008-sub-bio-science', 'stud-seeded-7008', 'sub-bio-science', 19, 14, 16, 18, 72, 87, now()) ON CONFLICT (student_id, subject_id) DO UPDATE SET fa1 = EXCLUDED.fa1, fa2 = EXCLUDED.fa2, fa3 = EXCLUDED.fa3, fa4 = EXCLUDED.fa4, sa1 = EXCLUDED.sa1, sa2 = EXCLUDED.sa2;
INSERT INTO public.marks (id, student_id, subject_id, fa1, fa2, fa3, fa4, sa1, sa2, updated_at) VALUES ('m-seeded-7008-sub-social', 'stud-seeded-7008', 'sub-social', 20, 15, 17, 19, 75, 92, now()) ON CONFLICT (student_id, subject_id) DO UPDATE SET fa1 = EXCLUDED.fa1, fa2 = EXCLUDED.fa2, fa3 = EXCLUDED.fa3, fa4 = EXCLUDED.fa4, sa1 = EXCLUDED.sa1, sa2 = EXCLUDED.sa2;
INSERT INTO public.marks (id, student_id, subject_id, fa1, fa2, fa3, fa4, sa1, sa2, updated_at) VALUES ('m-seeded-7009-sub-telugu', 'stud-seeded-7009', 'sub-telugu', 14, 16, 18, 20, 78, 66, now()) ON CONFLICT (student_id, subject_id) DO UPDATE SET fa1 = EXCLUDED.fa1, fa2 = EXCLUDED.fa2, fa3 = EXCLUDED.fa3, fa4 = EXCLUDED.fa4, sa1 = EXCLUDED.sa1, sa2 = EXCLUDED.sa2;
INSERT INTO public.marks (id, student_id, subject_id, fa1, fa2, fa3, fa4, sa1, sa2, updated_at) VALUES ('m-seeded-7009-sub-hindi', 'stud-seeded-7009', 'sub-hindi', 15, 17, 19, 14, 81, 71, now()) ON CONFLICT (student_id, subject_id) DO UPDATE SET fa1 = EXCLUDED.fa1, fa2 = EXCLUDED.fa2, fa3 = EXCLUDED.fa3, fa4 = EXCLUDED.fa4, sa1 = EXCLUDED.sa1, sa2 = EXCLUDED.sa2;
INSERT INTO public.marks (id, student_id, subject_id, fa1, fa2, fa3, fa4, sa1, sa2, updated_at) VALUES ('m-seeded-7009-sub-english', 'stud-seeded-7009', 'sub-english', 16, 18, 20, 15, 84, 76, now()) ON CONFLICT (student_id, subject_id) DO UPDATE SET fa1 = EXCLUDED.fa1, fa2 = EXCLUDED.fa2, fa3 = EXCLUDED.fa3, fa4 = EXCLUDED.fa4, sa1 = EXCLUDED.sa1, sa2 = EXCLUDED.sa2;
INSERT INTO public.marks (id, student_id, subject_id, fa1, fa2, fa3, fa4, sa1, sa2, updated_at) VALUES ('m-seeded-7009-sub-maths', 'stud-seeded-7009', 'sub-maths', 17, 19, 14, 16, 87, 81, now()) ON CONFLICT (student_id, subject_id) DO UPDATE SET fa1 = EXCLUDED.fa1, fa2 = EXCLUDED.fa2, fa3 = EXCLUDED.fa3, fa4 = EXCLUDED.fa4, sa1 = EXCLUDED.sa1, sa2 = EXCLUDED.sa2;
INSERT INTO public.marks (id, student_id, subject_id, fa1, fa2, fa3, fa4, sa1, sa2, updated_at) VALUES ('m-seeded-7009-sub-phy-science', 'stud-seeded-7009', 'sub-phy-science', 18, 20, 15, 17, 90, 86, now()) ON CONFLICT (student_id, subject_id) DO UPDATE SET fa1 = EXCLUDED.fa1, fa2 = EXCLUDED.fa2, fa3 = EXCLUDED.fa3, fa4 = EXCLUDED.fa4, sa1 = EXCLUDED.sa1, sa2 = EXCLUDED.sa2;
INSERT INTO public.marks (id, student_id, subject_id, fa1, fa2, fa3, fa4, sa1, sa2, updated_at) VALUES ('m-seeded-7009-sub-bio-science', 'stud-seeded-7009', 'sub-bio-science', 19, 14, 16, 18, 93, 91, now()) ON CONFLICT (student_id, subject_id) DO UPDATE SET fa1 = EXCLUDED.fa1, fa2 = EXCLUDED.fa2, fa3 = EXCLUDED.fa3, fa4 = EXCLUDED.fa4, sa1 = EXCLUDED.sa1, sa2 = EXCLUDED.sa2;
INSERT INTO public.marks (id, student_id, subject_id, fa1, fa2, fa3, fa4, sa1, sa2, updated_at) VALUES ('m-seeded-7009-sub-social', 'stud-seeded-7009', 'sub-social', 20, 15, 17, 19, 65, 65, now()) ON CONFLICT (student_id, subject_id) DO UPDATE SET fa1 = EXCLUDED.fa1, fa2 = EXCLUDED.fa2, fa3 = EXCLUDED.fa3, fa4 = EXCLUDED.fa4, sa1 = EXCLUDED.sa1, sa2 = EXCLUDED.sa2;
INSERT INTO public.marks (id, student_id, subject_id, fa1, fa2, fa3, fa4, sa1, sa2, updated_at) VALUES ('m-seeded-7010-sub-telugu', 'stud-seeded-7010', 'sub-telugu', 14, 16, 18, 20, 68, 70, now()) ON CONFLICT (student_id, subject_id) DO UPDATE SET fa1 = EXCLUDED.fa1, fa2 = EXCLUDED.fa2, fa3 = EXCLUDED.fa3, fa4 = EXCLUDED.fa4, sa1 = EXCLUDED.sa1, sa2 = EXCLUDED.sa2;
INSERT INTO public.marks (id, student_id, subject_id, fa1, fa2, fa3, fa4, sa1, sa2, updated_at) VALUES ('m-seeded-7010-sub-hindi', 'stud-seeded-7010', 'sub-hindi', 15, 17, 19, 14, 71, 75, now()) ON CONFLICT (student_id, subject_id) DO UPDATE SET fa1 = EXCLUDED.fa1, fa2 = EXCLUDED.fa2, fa3 = EXCLUDED.fa3, fa4 = EXCLUDED.fa4, sa1 = EXCLUDED.sa1, sa2 = EXCLUDED.sa2;
INSERT INTO public.marks (id, student_id, subject_id, fa1, fa2, fa3, fa4, sa1, sa2, updated_at) VALUES ('m-seeded-7010-sub-english', 'stud-seeded-7010', 'sub-english', 16, 18, 20, 15, 74, 80, now()) ON CONFLICT (student_id, subject_id) DO UPDATE SET fa1 = EXCLUDED.fa1, fa2 = EXCLUDED.fa2, fa3 = EXCLUDED.fa3, fa4 = EXCLUDED.fa4, sa1 = EXCLUDED.sa1, sa2 = EXCLUDED.sa2;
INSERT INTO public.marks (id, student_id, subject_id, fa1, fa2, fa3, fa4, sa1, sa2, updated_at) VALUES ('m-seeded-7010-sub-maths', 'stud-seeded-7010', 'sub-maths', 17, 19, 14, 16, 77, 85, now()) ON CONFLICT (student_id, subject_id) DO UPDATE SET fa1 = EXCLUDED.fa1, fa2 = EXCLUDED.fa2, fa3 = EXCLUDED.fa3, fa4 = EXCLUDED.fa4, sa1 = EXCLUDED.sa1, sa2 = EXCLUDED.sa2;
INSERT INTO public.marks (id, student_id, subject_id, fa1, fa2, fa3, fa4, sa1, sa2, updated_at) VALUES ('m-seeded-7010-sub-phy-science', 'stud-seeded-7010', 'sub-phy-science', 18, 20, 15, 17, 80, 90, now()) ON CONFLICT (student_id, subject_id) DO UPDATE SET fa1 = EXCLUDED.fa1, fa2 = EXCLUDED.fa2, fa3 = EXCLUDED.fa3, fa4 = EXCLUDED.fa4, sa1 = EXCLUDED.sa1, sa2 = EXCLUDED.sa2;
INSERT INTO public.marks (id, student_id, subject_id, fa1, fa2, fa3, fa4, sa1, sa2, updated_at) VALUES ('m-seeded-7010-sub-bio-science', 'stud-seeded-7010', 'sub-bio-science', 19, 14, 16, 18, 83, 95, now()) ON CONFLICT (student_id, subject_id) DO UPDATE SET fa1 = EXCLUDED.fa1, fa2 = EXCLUDED.fa2, fa3 = EXCLUDED.fa3, fa4 = EXCLUDED.fa4, sa1 = EXCLUDED.sa1, sa2 = EXCLUDED.sa2;
INSERT INTO public.marks (id, student_id, subject_id, fa1, fa2, fa3, fa4, sa1, sa2, updated_at) VALUES ('m-seeded-7010-sub-social', 'stud-seeded-7010', 'sub-social', 20, 15, 17, 19, 86, 69, now()) ON CONFLICT (student_id, subject_id) DO UPDATE SET fa1 = EXCLUDED.fa1, fa2 = EXCLUDED.fa2, fa3 = EXCLUDED.fa3, fa4 = EXCLUDED.fa4, sa1 = EXCLUDED.sa1, sa2 = EXCLUDED.sa2;
INSERT INTO public.marks (id, student_id, subject_id, fa1, fa2, fa3, fa4, sa1, sa2, updated_at) VALUES ('m-seeded-7011-sub-telugu', 'stud-seeded-7011', 'sub-telugu', 14, 16, 18, 20, 89, 74, now()) ON CONFLICT (student_id, subject_id) DO UPDATE SET fa1 = EXCLUDED.fa1, fa2 = EXCLUDED.fa2, fa3 = EXCLUDED.fa3, fa4 = EXCLUDED.fa4, sa1 = EXCLUDED.sa1, sa2 = EXCLUDED.sa2;
INSERT INTO public.marks (id, student_id, subject_id, fa1, fa2, fa3, fa4, sa1, sa2, updated_at) VALUES ('m-seeded-7011-sub-hindi', 'stud-seeded-7011', 'sub-hindi', 15, 17, 19, 14, 92, 79, now()) ON CONFLICT (student_id, subject_id) DO UPDATE SET fa1 = EXCLUDED.fa1, fa2 = EXCLUDED.fa2, fa3 = EXCLUDED.fa3, fa4 = EXCLUDED.fa4, sa1 = EXCLUDED.sa1, sa2 = EXCLUDED.sa2;
INSERT INTO public.marks (id, student_id, subject_id, fa1, fa2, fa3, fa4, sa1, sa2, updated_at) VALUES ('m-seeded-7011-sub-english', 'stud-seeded-7011', 'sub-english', 16, 18, 20, 15, 95, 84, now()) ON CONFLICT (student_id, subject_id) DO UPDATE SET fa1 = EXCLUDED.fa1, fa2 = EXCLUDED.fa2, fa3 = EXCLUDED.fa3, fa4 = EXCLUDED.fa4, sa1 = EXCLUDED.sa1, sa2 = EXCLUDED.sa2;
INSERT INTO public.marks (id, student_id, subject_id, fa1, fa2, fa3, fa4, sa1, sa2, updated_at) VALUES ('m-seeded-7011-sub-maths', 'stud-seeded-7011', 'sub-maths', 17, 19, 14, 16, 67, 89, now()) ON CONFLICT (student_id, subject_id) DO UPDATE SET fa1 = EXCLUDED.fa1, fa2 = EXCLUDED.fa2, fa3 = EXCLUDED.fa3, fa4 = EXCLUDED.fa4, sa1 = EXCLUDED.sa1, sa2 = EXCLUDED.sa2;
INSERT INTO public.marks (id, student_id, subject_id, fa1, fa2, fa3, fa4, sa1, sa2, updated_at) VALUES ('m-seeded-7011-sub-phy-science', 'stud-seeded-7011', 'sub-phy-science', 18, 20, 15, 17, 70, 94, now()) ON CONFLICT (student_id, subject_id) DO UPDATE SET fa1 = EXCLUDED.fa1, fa2 = EXCLUDED.fa2, fa3 = EXCLUDED.fa3, fa4 = EXCLUDED.fa4, sa1 = EXCLUDED.sa1, sa2 = EXCLUDED.sa2;
INSERT INTO public.marks (id, student_id, subject_id, fa1, fa2, fa3, fa4, sa1, sa2, updated_at) VALUES ('m-seeded-7011-sub-bio-science', 'stud-seeded-7011', 'sub-bio-science', 19, 14, 16, 18, 73, 68, now()) ON CONFLICT (student_id, subject_id) DO UPDATE SET fa1 = EXCLUDED.fa1, fa2 = EXCLUDED.fa2, fa3 = EXCLUDED.fa3, fa4 = EXCLUDED.fa4, sa1 = EXCLUDED.sa1, sa2 = EXCLUDED.sa2;
INSERT INTO public.marks (id, student_id, subject_id, fa1, fa2, fa3, fa4, sa1, sa2, updated_at) VALUES ('m-seeded-7011-sub-social', 'stud-seeded-7011', 'sub-social', 20, 15, 17, 19, 76, 73, now()) ON CONFLICT (student_id, subject_id) DO UPDATE SET fa1 = EXCLUDED.fa1, fa2 = EXCLUDED.fa2, fa3 = EXCLUDED.fa3, fa4 = EXCLUDED.fa4, sa1 = EXCLUDED.sa1, sa2 = EXCLUDED.sa2;
INSERT INTO public.marks (id, student_id, subject_id, fa1, fa2, fa3, fa4, sa1, sa2, updated_at) VALUES ('m-seeded-7012-sub-telugu', 'stud-seeded-7012', 'sub-telugu', 14, 16, 18, 20, 79, 78, now()) ON CONFLICT (student_id, subject_id) DO UPDATE SET fa1 = EXCLUDED.fa1, fa2 = EXCLUDED.fa2, fa3 = EXCLUDED.fa3, fa4 = EXCLUDED.fa4, sa1 = EXCLUDED.sa1, sa2 = EXCLUDED.sa2;
INSERT INTO public.marks (id, student_id, subject_id, fa1, fa2, fa3, fa4, sa1, sa2, updated_at) VALUES ('m-seeded-7012-sub-hindi', 'stud-seeded-7012', 'sub-hindi', 15, 17, 19, 14, 82, 83, now()) ON CONFLICT (student_id, subject_id) DO UPDATE SET fa1 = EXCLUDED.fa1, fa2 = EXCLUDED.fa2, fa3 = EXCLUDED.fa3, fa4 = EXCLUDED.fa4, sa1 = EXCLUDED.sa1, sa2 = EXCLUDED.sa2;
INSERT INTO public.marks (id, student_id, subject_id, fa1, fa2, fa3, fa4, sa1, sa2, updated_at) VALUES ('m-seeded-7012-sub-english', 'stud-seeded-7012', 'sub-english', 16, 18, 20, 15, 85, 88, now()) ON CONFLICT (student_id, subject_id) DO UPDATE SET fa1 = EXCLUDED.fa1, fa2 = EXCLUDED.fa2, fa3 = EXCLUDED.fa3, fa4 = EXCLUDED.fa4, sa1 = EXCLUDED.sa1, sa2 = EXCLUDED.sa2;
INSERT INTO public.marks (id, student_id, subject_id, fa1, fa2, fa3, fa4, sa1, sa2, updated_at) VALUES ('m-seeded-7012-sub-maths', 'stud-seeded-7012', 'sub-maths', 17, 19, 14, 16, 88, 93, now()) ON CONFLICT (student_id, subject_id) DO UPDATE SET fa1 = EXCLUDED.fa1, fa2 = EXCLUDED.fa2, fa3 = EXCLUDED.fa3, fa4 = EXCLUDED.fa4, sa1 = EXCLUDED.sa1, sa2 = EXCLUDED.sa2;
INSERT INTO public.marks (id, student_id, subject_id, fa1, fa2, fa3, fa4, sa1, sa2, updated_at) VALUES ('m-seeded-7012-sub-phy-science', 'stud-seeded-7012', 'sub-phy-science', 18, 20, 15, 17, 91, 67, now()) ON CONFLICT (student_id, subject_id) DO UPDATE SET fa1 = EXCLUDED.fa1, fa2 = EXCLUDED.fa2, fa3 = EXCLUDED.fa3, fa4 = EXCLUDED.fa4, sa1 = EXCLUDED.sa1, sa2 = EXCLUDED.sa2;
INSERT INTO public.marks (id, student_id, subject_id, fa1, fa2, fa3, fa4, sa1, sa2, updated_at) VALUES ('m-seeded-7012-sub-bio-science', 'stud-seeded-7012', 'sub-bio-science', 19, 14, 16, 18, 94, 72, now()) ON CONFLICT (student_id, subject_id) DO UPDATE SET fa1 = EXCLUDED.fa1, fa2 = EXCLUDED.fa2, fa3 = EXCLUDED.fa3, fa4 = EXCLUDED.fa4, sa1 = EXCLUDED.sa1, sa2 = EXCLUDED.sa2;
INSERT INTO public.marks (id, student_id, subject_id, fa1, fa2, fa3, fa4, sa1, sa2, updated_at) VALUES ('m-seeded-7012-sub-social', 'stud-seeded-7012', 'sub-social', 20, 15, 17, 19, 66, 77, now()) ON CONFLICT (student_id, subject_id) DO UPDATE SET fa1 = EXCLUDED.fa1, fa2 = EXCLUDED.fa2, fa3 = EXCLUDED.fa3, fa4 = EXCLUDED.fa4, sa1 = EXCLUDED.sa1, sa2 = EXCLUDED.sa2;
INSERT INTO public.marks (id, student_id, subject_id, fa1, fa2, fa3, fa4, sa1, sa2, updated_at) VALUES ('m-seeded-7013-sub-telugu', 'stud-seeded-7013', 'sub-telugu', 14, 16, 18, 20, 69, 82, now()) ON CONFLICT (student_id, subject_id) DO UPDATE SET fa1 = EXCLUDED.fa1, fa2 = EXCLUDED.fa2, fa3 = EXCLUDED.fa3, fa4 = EXCLUDED.fa4, sa1 = EXCLUDED.sa1, sa2 = EXCLUDED.sa2;
INSERT INTO public.marks (id, student_id, subject_id, fa1, fa2, fa3, fa4, sa1, sa2, updated_at) VALUES ('m-seeded-7013-sub-hindi', 'stud-seeded-7013', 'sub-hindi', 15, 17, 19, 14, 72, 87, now()) ON CONFLICT (student_id, subject_id) DO UPDATE SET fa1 = EXCLUDED.fa1, fa2 = EXCLUDED.fa2, fa3 = EXCLUDED.fa3, fa4 = EXCLUDED.fa4, sa1 = EXCLUDED.sa1, sa2 = EXCLUDED.sa2;
INSERT INTO public.marks (id, student_id, subject_id, fa1, fa2, fa3, fa4, sa1, sa2, updated_at) VALUES ('m-seeded-7013-sub-english', 'stud-seeded-7013', 'sub-english', 16, 18, 20, 15, 75, 92, now()) ON CONFLICT (student_id, subject_id) DO UPDATE SET fa1 = EXCLUDED.fa1, fa2 = EXCLUDED.fa2, fa3 = EXCLUDED.fa3, fa4 = EXCLUDED.fa4, sa1 = EXCLUDED.sa1, sa2 = EXCLUDED.sa2;
INSERT INTO public.marks (id, student_id, subject_id, fa1, fa2, fa3, fa4, sa1, sa2, updated_at) VALUES ('m-seeded-7013-sub-maths', 'stud-seeded-7013', 'sub-maths', 17, 19, 14, 16, 78, 66, now()) ON CONFLICT (student_id, subject_id) DO UPDATE SET fa1 = EXCLUDED.fa1, fa2 = EXCLUDED.fa2, fa3 = EXCLUDED.fa3, fa4 = EXCLUDED.fa4, sa1 = EXCLUDED.sa1, sa2 = EXCLUDED.sa2;
INSERT INTO public.marks (id, student_id, subject_id, fa1, fa2, fa3, fa4, sa1, sa2, updated_at) VALUES ('m-seeded-7013-sub-phy-science', 'stud-seeded-7013', 'sub-phy-science', 18, 20, 15, 17, 81, 71, now()) ON CONFLICT (student_id, subject_id) DO UPDATE SET fa1 = EXCLUDED.fa1, fa2 = EXCLUDED.fa2, fa3 = EXCLUDED.fa3, fa4 = EXCLUDED.fa4, sa1 = EXCLUDED.sa1, sa2 = EXCLUDED.sa2;
INSERT INTO public.marks (id, student_id, subject_id, fa1, fa2, fa3, fa4, sa1, sa2, updated_at) VALUES ('m-seeded-7013-sub-bio-science', 'stud-seeded-7013', 'sub-bio-science', 19, 14, 16, 18, 84, 76, now()) ON CONFLICT (student_id, subject_id) DO UPDATE SET fa1 = EXCLUDED.fa1, fa2 = EXCLUDED.fa2, fa3 = EXCLUDED.fa3, fa4 = EXCLUDED.fa4, sa1 = EXCLUDED.sa1, sa2 = EXCLUDED.sa2;
INSERT INTO public.marks (id, student_id, subject_id, fa1, fa2, fa3, fa4, sa1, sa2, updated_at) VALUES ('m-seeded-7013-sub-social', 'stud-seeded-7013', 'sub-social', 20, 15, 17, 19, 87, 81, now()) ON CONFLICT (student_id, subject_id) DO UPDATE SET fa1 = EXCLUDED.fa1, fa2 = EXCLUDED.fa2, fa3 = EXCLUDED.fa3, fa4 = EXCLUDED.fa4, sa1 = EXCLUDED.sa1, sa2 = EXCLUDED.sa2;
INSERT INTO public.marks (id, student_id, subject_id, fa1, fa2, fa3, fa4, sa1, sa2, updated_at) VALUES ('m-seeded-7014-sub-telugu', 'stud-seeded-7014', 'sub-telugu', 14, 16, 18, 20, 90, 86, now()) ON CONFLICT (student_id, subject_id) DO UPDATE SET fa1 = EXCLUDED.fa1, fa2 = EXCLUDED.fa2, fa3 = EXCLUDED.fa3, fa4 = EXCLUDED.fa4, sa1 = EXCLUDED.sa1, sa2 = EXCLUDED.sa2;
INSERT INTO public.marks (id, student_id, subject_id, fa1, fa2, fa3, fa4, sa1, sa2, updated_at) VALUES ('m-seeded-7014-sub-hindi', 'stud-seeded-7014', 'sub-hindi', 15, 17, 19, 14, 93, 91, now()) ON CONFLICT (student_id, subject_id) DO UPDATE SET fa1 = EXCLUDED.fa1, fa2 = EXCLUDED.fa2, fa3 = EXCLUDED.fa3, fa4 = EXCLUDED.fa4, sa1 = EXCLUDED.sa1, sa2 = EXCLUDED.sa2;
INSERT INTO public.marks (id, student_id, subject_id, fa1, fa2, fa3, fa4, sa1, sa2, updated_at) VALUES ('m-seeded-7014-sub-english', 'stud-seeded-7014', 'sub-english', 16, 18, 20, 15, 65, 65, now()) ON CONFLICT (student_id, subject_id) DO UPDATE SET fa1 = EXCLUDED.fa1, fa2 = EXCLUDED.fa2, fa3 = EXCLUDED.fa3, fa4 = EXCLUDED.fa4, sa1 = EXCLUDED.sa1, sa2 = EXCLUDED.sa2;
INSERT INTO public.marks (id, student_id, subject_id, fa1, fa2, fa3, fa4, sa1, sa2, updated_at) VALUES ('m-seeded-7014-sub-maths', 'stud-seeded-7014', 'sub-maths', 17, 19, 14, 16, 68, 70, now()) ON CONFLICT (student_id, subject_id) DO UPDATE SET fa1 = EXCLUDED.fa1, fa2 = EXCLUDED.fa2, fa3 = EXCLUDED.fa3, fa4 = EXCLUDED.fa4, sa1 = EXCLUDED.sa1, sa2 = EXCLUDED.sa2;
INSERT INTO public.marks (id, student_id, subject_id, fa1, fa2, fa3, fa4, sa1, sa2, updated_at) VALUES ('m-seeded-7014-sub-phy-science', 'stud-seeded-7014', 'sub-phy-science', 18, 20, 15, 17, 71, 75, now()) ON CONFLICT (student_id, subject_id) DO UPDATE SET fa1 = EXCLUDED.fa1, fa2 = EXCLUDED.fa2, fa3 = EXCLUDED.fa3, fa4 = EXCLUDED.fa4, sa1 = EXCLUDED.sa1, sa2 = EXCLUDED.sa2;
INSERT INTO public.marks (id, student_id, subject_id, fa1, fa2, fa3, fa4, sa1, sa2, updated_at) VALUES ('m-seeded-7014-sub-bio-science', 'stud-seeded-7014', 'sub-bio-science', 19, 14, 16, 18, 74, 80, now()) ON CONFLICT (student_id, subject_id) DO UPDATE SET fa1 = EXCLUDED.fa1, fa2 = EXCLUDED.fa2, fa3 = EXCLUDED.fa3, fa4 = EXCLUDED.fa4, sa1 = EXCLUDED.sa1, sa2 = EXCLUDED.sa2;
INSERT INTO public.marks (id, student_id, subject_id, fa1, fa2, fa3, fa4, sa1, sa2, updated_at) VALUES ('m-seeded-7014-sub-social', 'stud-seeded-7014', 'sub-social', 20, 15, 17, 19, 77, 85, now()) ON CONFLICT (student_id, subject_id) DO UPDATE SET fa1 = EXCLUDED.fa1, fa2 = EXCLUDED.fa2, fa3 = EXCLUDED.fa3, fa4 = EXCLUDED.fa4, sa1 = EXCLUDED.sa1, sa2 = EXCLUDED.sa2;
INSERT INTO public.marks (id, student_id, subject_id, fa1, fa2, fa3, fa4, sa1, sa2, updated_at) VALUES ('m-seeded-7015-sub-telugu', 'stud-seeded-7015', 'sub-telugu', 14, 16, 18, 20, 80, 90, now()) ON CONFLICT (student_id, subject_id) DO UPDATE SET fa1 = EXCLUDED.fa1, fa2 = EXCLUDED.fa2, fa3 = EXCLUDED.fa3, fa4 = EXCLUDED.fa4, sa1 = EXCLUDED.sa1, sa2 = EXCLUDED.sa2;
INSERT INTO public.marks (id, student_id, subject_id, fa1, fa2, fa3, fa4, sa1, sa2, updated_at) VALUES ('m-seeded-7015-sub-hindi', 'stud-seeded-7015', 'sub-hindi', 15, 17, 19, 14, 83, 95, now()) ON CONFLICT (student_id, subject_id) DO UPDATE SET fa1 = EXCLUDED.fa1, fa2 = EXCLUDED.fa2, fa3 = EXCLUDED.fa3, fa4 = EXCLUDED.fa4, sa1 = EXCLUDED.sa1, sa2 = EXCLUDED.sa2;
INSERT INTO public.marks (id, student_id, subject_id, fa1, fa2, fa3, fa4, sa1, sa2, updated_at) VALUES ('m-seeded-7015-sub-english', 'stud-seeded-7015', 'sub-english', 16, 18, 20, 15, 86, 69, now()) ON CONFLICT (student_id, subject_id) DO UPDATE SET fa1 = EXCLUDED.fa1, fa2 = EXCLUDED.fa2, fa3 = EXCLUDED.fa3, fa4 = EXCLUDED.fa4, sa1 = EXCLUDED.sa1, sa2 = EXCLUDED.sa2;
INSERT INTO public.marks (id, student_id, subject_id, fa1, fa2, fa3, fa4, sa1, sa2, updated_at) VALUES ('m-seeded-7015-sub-maths', 'stud-seeded-7015', 'sub-maths', 17, 19, 14, 16, 89, 74, now()) ON CONFLICT (student_id, subject_id) DO UPDATE SET fa1 = EXCLUDED.fa1, fa2 = EXCLUDED.fa2, fa3 = EXCLUDED.fa3, fa4 = EXCLUDED.fa4, sa1 = EXCLUDED.sa1, sa2 = EXCLUDED.sa2;
INSERT INTO public.marks (id, student_id, subject_id, fa1, fa2, fa3, fa4, sa1, sa2, updated_at) VALUES ('m-seeded-7015-sub-phy-science', 'stud-seeded-7015', 'sub-phy-science', 18, 20, 15, 17, 92, 79, now()) ON CONFLICT (student_id, subject_id) DO UPDATE SET fa1 = EXCLUDED.fa1, fa2 = EXCLUDED.fa2, fa3 = EXCLUDED.fa3, fa4 = EXCLUDED.fa4, sa1 = EXCLUDED.sa1, sa2 = EXCLUDED.sa2;
INSERT INTO public.marks (id, student_id, subject_id, fa1, fa2, fa3, fa4, sa1, sa2, updated_at) VALUES ('m-seeded-7015-sub-bio-science', 'stud-seeded-7015', 'sub-bio-science', 19, 14, 16, 18, 95, 84, now()) ON CONFLICT (student_id, subject_id) DO UPDATE SET fa1 = EXCLUDED.fa1, fa2 = EXCLUDED.fa2, fa3 = EXCLUDED.fa3, fa4 = EXCLUDED.fa4, sa1 = EXCLUDED.sa1, sa2 = EXCLUDED.sa2;
INSERT INTO public.marks (id, student_id, subject_id, fa1, fa2, fa3, fa4, sa1, sa2, updated_at) VALUES ('m-seeded-7015-sub-social', 'stud-seeded-7015', 'sub-social', 20, 15, 17, 19, 67, 89, now()) ON CONFLICT (student_id, subject_id) DO UPDATE SET fa1 = EXCLUDED.fa1, fa2 = EXCLUDED.fa2, fa3 = EXCLUDED.fa3, fa4 = EXCLUDED.fa4, sa1 = EXCLUDED.sa1, sa2 = EXCLUDED.sa2;
INSERT INTO public.marks (id, student_id, subject_id, fa1, fa2, fa3, fa4, sa1, sa2, updated_at) VALUES ('m-seeded-7016-sub-telugu', 'stud-seeded-7016', 'sub-telugu', 14, 16, 18, 20, 70, 94, now()) ON CONFLICT (student_id, subject_id) DO UPDATE SET fa1 = EXCLUDED.fa1, fa2 = EXCLUDED.fa2, fa3 = EXCLUDED.fa3, fa4 = EXCLUDED.fa4, sa1 = EXCLUDED.sa1, sa2 = EXCLUDED.sa2;
INSERT INTO public.marks (id, student_id, subject_id, fa1, fa2, fa3, fa4, sa1, sa2, updated_at) VALUES ('m-seeded-7016-sub-hindi', 'stud-seeded-7016', 'sub-hindi', 15, 17, 19, 14, 73, 68, now()) ON CONFLICT (student_id, subject_id) DO UPDATE SET fa1 = EXCLUDED.fa1, fa2 = EXCLUDED.fa2, fa3 = EXCLUDED.fa3, fa4 = EXCLUDED.fa4, sa1 = EXCLUDED.sa1, sa2 = EXCLUDED.sa2;
INSERT INTO public.marks (id, student_id, subject_id, fa1, fa2, fa3, fa4, sa1, sa2, updated_at) VALUES ('m-seeded-7016-sub-english', 'stud-seeded-7016', 'sub-english', 16, 18, 20, 15, 76, 73, now()) ON CONFLICT (student_id, subject_id) DO UPDATE SET fa1 = EXCLUDED.fa1, fa2 = EXCLUDED.fa2, fa3 = EXCLUDED.fa3, fa4 = EXCLUDED.fa4, sa1 = EXCLUDED.sa1, sa2 = EXCLUDED.sa2;
INSERT INTO public.marks (id, student_id, subject_id, fa1, fa2, fa3, fa4, sa1, sa2, updated_at) VALUES ('m-seeded-7016-sub-maths', 'stud-seeded-7016', 'sub-maths', 17, 19, 14, 16, 79, 78, now()) ON CONFLICT (student_id, subject_id) DO UPDATE SET fa1 = EXCLUDED.fa1, fa2 = EXCLUDED.fa2, fa3 = EXCLUDED.fa3, fa4 = EXCLUDED.fa4, sa1 = EXCLUDED.sa1, sa2 = EXCLUDED.sa2;
INSERT INTO public.marks (id, student_id, subject_id, fa1, fa2, fa3, fa4, sa1, sa2, updated_at) VALUES ('m-seeded-7016-sub-phy-science', 'stud-seeded-7016', 'sub-phy-science', 18, 20, 15, 17, 82, 83, now()) ON CONFLICT (student_id, subject_id) DO UPDATE SET fa1 = EXCLUDED.fa1, fa2 = EXCLUDED.fa2, fa3 = EXCLUDED.fa3, fa4 = EXCLUDED.fa4, sa1 = EXCLUDED.sa1, sa2 = EXCLUDED.sa2;
INSERT INTO public.marks (id, student_id, subject_id, fa1, fa2, fa3, fa4, sa1, sa2, updated_at) VALUES ('m-seeded-7016-sub-bio-science', 'stud-seeded-7016', 'sub-bio-science', 19, 14, 16, 18, 85, 88, now()) ON CONFLICT (student_id, subject_id) DO UPDATE SET fa1 = EXCLUDED.fa1, fa2 = EXCLUDED.fa2, fa3 = EXCLUDED.fa3, fa4 = EXCLUDED.fa4, sa1 = EXCLUDED.sa1, sa2 = EXCLUDED.sa2;
INSERT INTO public.marks (id, student_id, subject_id, fa1, fa2, fa3, fa4, sa1, sa2, updated_at) VALUES ('m-seeded-7016-sub-social', 'stud-seeded-7016', 'sub-social', 20, 15, 17, 19, 88, 93, now()) ON CONFLICT (student_id, subject_id) DO UPDATE SET fa1 = EXCLUDED.fa1, fa2 = EXCLUDED.fa2, fa3 = EXCLUDED.fa3, fa4 = EXCLUDED.fa4, sa1 = EXCLUDED.sa1, sa2 = EXCLUDED.sa2;
INSERT INTO public.marks (id, student_id, subject_id, fa1, fa2, fa3, fa4, sa1, sa2, updated_at) VALUES ('m-seeded-7017-sub-telugu', 'stud-seeded-7017', 'sub-telugu', 14, 16, 18, 20, 91, 67, now()) ON CONFLICT (student_id, subject_id) DO UPDATE SET fa1 = EXCLUDED.fa1, fa2 = EXCLUDED.fa2, fa3 = EXCLUDED.fa3, fa4 = EXCLUDED.fa4, sa1 = EXCLUDED.sa1, sa2 = EXCLUDED.sa2;
INSERT INTO public.marks (id, student_id, subject_id, fa1, fa2, fa3, fa4, sa1, sa2, updated_at) VALUES ('m-seeded-7017-sub-hindi', 'stud-seeded-7017', 'sub-hindi', 15, 17, 19, 14, 94, 72, now()) ON CONFLICT (student_id, subject_id) DO UPDATE SET fa1 = EXCLUDED.fa1, fa2 = EXCLUDED.fa2, fa3 = EXCLUDED.fa3, fa4 = EXCLUDED.fa4, sa1 = EXCLUDED.sa1, sa2 = EXCLUDED.sa2;
INSERT INTO public.marks (id, student_id, subject_id, fa1, fa2, fa3, fa4, sa1, sa2, updated_at) VALUES ('m-seeded-7017-sub-english', 'stud-seeded-7017', 'sub-english', 16, 18, 20, 15, 66, 77, now()) ON CONFLICT (student_id, subject_id) DO UPDATE SET fa1 = EXCLUDED.fa1, fa2 = EXCLUDED.fa2, fa3 = EXCLUDED.fa3, fa4 = EXCLUDED.fa4, sa1 = EXCLUDED.sa1, sa2 = EXCLUDED.sa2;
INSERT INTO public.marks (id, student_id, subject_id, fa1, fa2, fa3, fa4, sa1, sa2, updated_at) VALUES ('m-seeded-7017-sub-maths', 'stud-seeded-7017', 'sub-maths', 17, 19, 14, 16, 69, 82, now()) ON CONFLICT (student_id, subject_id) DO UPDATE SET fa1 = EXCLUDED.fa1, fa2 = EXCLUDED.fa2, fa3 = EXCLUDED.fa3, fa4 = EXCLUDED.fa4, sa1 = EXCLUDED.sa1, sa2 = EXCLUDED.sa2;
INSERT INTO public.marks (id, student_id, subject_id, fa1, fa2, fa3, fa4, sa1, sa2, updated_at) VALUES ('m-seeded-7017-sub-phy-science', 'stud-seeded-7017', 'sub-phy-science', 18, 20, 15, 17, 72, 87, now()) ON CONFLICT (student_id, subject_id) DO UPDATE SET fa1 = EXCLUDED.fa1, fa2 = EXCLUDED.fa2, fa3 = EXCLUDED.fa3, fa4 = EXCLUDED.fa4, sa1 = EXCLUDED.sa1, sa2 = EXCLUDED.sa2;
INSERT INTO public.marks (id, student_id, subject_id, fa1, fa2, fa3, fa4, sa1, sa2, updated_at) VALUES ('m-seeded-7017-sub-bio-science', 'stud-seeded-7017', 'sub-bio-science', 19, 14, 16, 18, 75, 92, now()) ON CONFLICT (student_id, subject_id) DO UPDATE SET fa1 = EXCLUDED.fa1, fa2 = EXCLUDED.fa2, fa3 = EXCLUDED.fa3, fa4 = EXCLUDED.fa4, sa1 = EXCLUDED.sa1, sa2 = EXCLUDED.sa2;
INSERT INTO public.marks (id, student_id, subject_id, fa1, fa2, fa3, fa4, sa1, sa2, updated_at) VALUES ('m-seeded-7017-sub-social', 'stud-seeded-7017', 'sub-social', 20, 15, 17, 19, 78, 66, now()) ON CONFLICT (student_id, subject_id) DO UPDATE SET fa1 = EXCLUDED.fa1, fa2 = EXCLUDED.fa2, fa3 = EXCLUDED.fa3, fa4 = EXCLUDED.fa4, sa1 = EXCLUDED.sa1, sa2 = EXCLUDED.sa2;
INSERT INTO public.marks (id, student_id, subject_id, fa1, fa2, fa3, fa4, sa1, sa2, updated_at) VALUES ('m-seeded-7018-sub-telugu', 'stud-seeded-7018', 'sub-telugu', 14, 16, 18, 20, 81, 71, now()) ON CONFLICT (student_id, subject_id) DO UPDATE SET fa1 = EXCLUDED.fa1, fa2 = EXCLUDED.fa2, fa3 = EXCLUDED.fa3, fa4 = EXCLUDED.fa4, sa1 = EXCLUDED.sa1, sa2 = EXCLUDED.sa2;
INSERT INTO public.marks (id, student_id, subject_id, fa1, fa2, fa3, fa4, sa1, sa2, updated_at) VALUES ('m-seeded-7018-sub-hindi', 'stud-seeded-7018', 'sub-hindi', 15, 17, 19, 14, 84, 76, now()) ON CONFLICT (student_id, subject_id) DO UPDATE SET fa1 = EXCLUDED.fa1, fa2 = EXCLUDED.fa2, fa3 = EXCLUDED.fa3, fa4 = EXCLUDED.fa4, sa1 = EXCLUDED.sa1, sa2 = EXCLUDED.sa2;
INSERT INTO public.marks (id, student_id, subject_id, fa1, fa2, fa3, fa4, sa1, sa2, updated_at) VALUES ('m-seeded-7018-sub-english', 'stud-seeded-7018', 'sub-english', 16, 18, 20, 15, 87, 81, now()) ON CONFLICT (student_id, subject_id) DO UPDATE SET fa1 = EXCLUDED.fa1, fa2 = EXCLUDED.fa2, fa3 = EXCLUDED.fa3, fa4 = EXCLUDED.fa4, sa1 = EXCLUDED.sa1, sa2 = EXCLUDED.sa2;
INSERT INTO public.marks (id, student_id, subject_id, fa1, fa2, fa3, fa4, sa1, sa2, updated_at) VALUES ('m-seeded-7018-sub-maths', 'stud-seeded-7018', 'sub-maths', 17, 19, 14, 16, 90, 86, now()) ON CONFLICT (student_id, subject_id) DO UPDATE SET fa1 = EXCLUDED.fa1, fa2 = EXCLUDED.fa2, fa3 = EXCLUDED.fa3, fa4 = EXCLUDED.fa4, sa1 = EXCLUDED.sa1, sa2 = EXCLUDED.sa2;
INSERT INTO public.marks (id, student_id, subject_id, fa1, fa2, fa3, fa4, sa1, sa2, updated_at) VALUES ('m-seeded-7018-sub-phy-science', 'stud-seeded-7018', 'sub-phy-science', 18, 20, 15, 17, 93, 91, now()) ON CONFLICT (student_id, subject_id) DO UPDATE SET fa1 = EXCLUDED.fa1, fa2 = EXCLUDED.fa2, fa3 = EXCLUDED.fa3, fa4 = EXCLUDED.fa4, sa1 = EXCLUDED.sa1, sa2 = EXCLUDED.sa2;
INSERT INTO public.marks (id, student_id, subject_id, fa1, fa2, fa3, fa4, sa1, sa2, updated_at) VALUES ('m-seeded-7018-sub-bio-science', 'stud-seeded-7018', 'sub-bio-science', 19, 14, 16, 18, 65, 65, now()) ON CONFLICT (student_id, subject_id) DO UPDATE SET fa1 = EXCLUDED.fa1, fa2 = EXCLUDED.fa2, fa3 = EXCLUDED.fa3, fa4 = EXCLUDED.fa4, sa1 = EXCLUDED.sa1, sa2 = EXCLUDED.sa2;
INSERT INTO public.marks (id, student_id, subject_id, fa1, fa2, fa3, fa4, sa1, sa2, updated_at) VALUES ('m-seeded-7018-sub-social', 'stud-seeded-7018', 'sub-social', 20, 15, 17, 19, 68, 70, now()) ON CONFLICT (student_id, subject_id) DO UPDATE SET fa1 = EXCLUDED.fa1, fa2 = EXCLUDED.fa2, fa3 = EXCLUDED.fa3, fa4 = EXCLUDED.fa4, sa1 = EXCLUDED.sa1, sa2 = EXCLUDED.sa2;
INSERT INTO public.marks (id, student_id, subject_id, fa1, fa2, fa3, fa4, sa1, sa2, updated_at) VALUES ('m-seeded-7019-sub-telugu', 'stud-seeded-7019', 'sub-telugu', 14, 16, 18, 20, 71, 75, now()) ON CONFLICT (student_id, subject_id) DO UPDATE SET fa1 = EXCLUDED.fa1, fa2 = EXCLUDED.fa2, fa3 = EXCLUDED.fa3, fa4 = EXCLUDED.fa4, sa1 = EXCLUDED.sa1, sa2 = EXCLUDED.sa2;
INSERT INTO public.marks (id, student_id, subject_id, fa1, fa2, fa3, fa4, sa1, sa2, updated_at) VALUES ('m-seeded-7019-sub-hindi', 'stud-seeded-7019', 'sub-hindi', 15, 17, 19, 14, 74, 80, now()) ON CONFLICT (student_id, subject_id) DO UPDATE SET fa1 = EXCLUDED.fa1, fa2 = EXCLUDED.fa2, fa3 = EXCLUDED.fa3, fa4 = EXCLUDED.fa4, sa1 = EXCLUDED.sa1, sa2 = EXCLUDED.sa2;
INSERT INTO public.marks (id, student_id, subject_id, fa1, fa2, fa3, fa4, sa1, sa2, updated_at) VALUES ('m-seeded-7019-sub-english', 'stud-seeded-7019', 'sub-english', 16, 18, 20, 15, 77, 85, now()) ON CONFLICT (student_id, subject_id) DO UPDATE SET fa1 = EXCLUDED.fa1, fa2 = EXCLUDED.fa2, fa3 = EXCLUDED.fa3, fa4 = EXCLUDED.fa4, sa1 = EXCLUDED.sa1, sa2 = EXCLUDED.sa2;
INSERT INTO public.marks (id, student_id, subject_id, fa1, fa2, fa3, fa4, sa1, sa2, updated_at) VALUES ('m-seeded-7019-sub-maths', 'stud-seeded-7019', 'sub-maths', 17, 19, 14, 16, 80, 90, now()) ON CONFLICT (student_id, subject_id) DO UPDATE SET fa1 = EXCLUDED.fa1, fa2 = EXCLUDED.fa2, fa3 = EXCLUDED.fa3, fa4 = EXCLUDED.fa4, sa1 = EXCLUDED.sa1, sa2 = EXCLUDED.sa2;
INSERT INTO public.marks (id, student_id, subject_id, fa1, fa2, fa3, fa4, sa1, sa2, updated_at) VALUES ('m-seeded-7019-sub-phy-science', 'stud-seeded-7019', 'sub-phy-science', 18, 20, 15, 17, 83, 95, now()) ON CONFLICT (student_id, subject_id) DO UPDATE SET fa1 = EXCLUDED.fa1, fa2 = EXCLUDED.fa2, fa3 = EXCLUDED.fa3, fa4 = EXCLUDED.fa4, sa1 = EXCLUDED.sa1, sa2 = EXCLUDED.sa2;
INSERT INTO public.marks (id, student_id, subject_id, fa1, fa2, fa3, fa4, sa1, sa2, updated_at) VALUES ('m-seeded-7019-sub-bio-science', 'stud-seeded-7019', 'sub-bio-science', 19, 14, 16, 18, 86, 69, now()) ON CONFLICT (student_id, subject_id) DO UPDATE SET fa1 = EXCLUDED.fa1, fa2 = EXCLUDED.fa2, fa3 = EXCLUDED.fa3, fa4 = EXCLUDED.fa4, sa1 = EXCLUDED.sa1, sa2 = EXCLUDED.sa2;
INSERT INTO public.marks (id, student_id, subject_id, fa1, fa2, fa3, fa4, sa1, sa2, updated_at) VALUES ('m-seeded-7019-sub-social', 'stud-seeded-7019', 'sub-social', 20, 15, 17, 19, 89, 74, now()) ON CONFLICT (student_id, subject_id) DO UPDATE SET fa1 = EXCLUDED.fa1, fa2 = EXCLUDED.fa2, fa3 = EXCLUDED.fa3, fa4 = EXCLUDED.fa4, sa1 = EXCLUDED.sa1, sa2 = EXCLUDED.sa2;
INSERT INTO public.marks (id, student_id, subject_id, fa1, fa2, fa3, fa4, sa1, sa2, updated_at) VALUES ('m-seeded-7020-sub-telugu', 'stud-seeded-7020', 'sub-telugu', 14, 16, 18, 20, 92, 79, now()) ON CONFLICT (student_id, subject_id) DO UPDATE SET fa1 = EXCLUDED.fa1, fa2 = EXCLUDED.fa2, fa3 = EXCLUDED.fa3, fa4 = EXCLUDED.fa4, sa1 = EXCLUDED.sa1, sa2 = EXCLUDED.sa2;
INSERT INTO public.marks (id, student_id, subject_id, fa1, fa2, fa3, fa4, sa1, sa2, updated_at) VALUES ('m-seeded-7020-sub-hindi', 'stud-seeded-7020', 'sub-hindi', 15, 17, 19, 14, 95, 84, now()) ON CONFLICT (student_id, subject_id) DO UPDATE SET fa1 = EXCLUDED.fa1, fa2 = EXCLUDED.fa2, fa3 = EXCLUDED.fa3, fa4 = EXCLUDED.fa4, sa1 = EXCLUDED.sa1, sa2 = EXCLUDED.sa2;
INSERT INTO public.marks (id, student_id, subject_id, fa1, fa2, fa3, fa4, sa1, sa2, updated_at) VALUES ('m-seeded-7020-sub-english', 'stud-seeded-7020', 'sub-english', 16, 18, 20, 15, 67, 89, now()) ON CONFLICT (student_id, subject_id) DO UPDATE SET fa1 = EXCLUDED.fa1, fa2 = EXCLUDED.fa2, fa3 = EXCLUDED.fa3, fa4 = EXCLUDED.fa4, sa1 = EXCLUDED.sa1, sa2 = EXCLUDED.sa2;
INSERT INTO public.marks (id, student_id, subject_id, fa1, fa2, fa3, fa4, sa1, sa2, updated_at) VALUES ('m-seeded-7020-sub-maths', 'stud-seeded-7020', 'sub-maths', 17, 19, 14, 16, 70, 94, now()) ON CONFLICT (student_id, subject_id) DO UPDATE SET fa1 = EXCLUDED.fa1, fa2 = EXCLUDED.fa2, fa3 = EXCLUDED.fa3, fa4 = EXCLUDED.fa4, sa1 = EXCLUDED.sa1, sa2 = EXCLUDED.sa2;
INSERT INTO public.marks (id, student_id, subject_id, fa1, fa2, fa3, fa4, sa1, sa2, updated_at) VALUES ('m-seeded-7020-sub-phy-science', 'stud-seeded-7020', 'sub-phy-science', 18, 20, 15, 17, 73, 68, now()) ON CONFLICT (student_id, subject_id) DO UPDATE SET fa1 = EXCLUDED.fa1, fa2 = EXCLUDED.fa2, fa3 = EXCLUDED.fa3, fa4 = EXCLUDED.fa4, sa1 = EXCLUDED.sa1, sa2 = EXCLUDED.sa2;
INSERT INTO public.marks (id, student_id, subject_id, fa1, fa2, fa3, fa4, sa1, sa2, updated_at) VALUES ('m-seeded-7020-sub-bio-science', 'stud-seeded-7020', 'sub-bio-science', 19, 14, 16, 18, 76, 73, now()) ON CONFLICT (student_id, subject_id) DO UPDATE SET fa1 = EXCLUDED.fa1, fa2 = EXCLUDED.fa2, fa3 = EXCLUDED.fa3, fa4 = EXCLUDED.fa4, sa1 = EXCLUDED.sa1, sa2 = EXCLUDED.sa2;
INSERT INTO public.marks (id, student_id, subject_id, fa1, fa2, fa3, fa4, sa1, sa2, updated_at) VALUES ('m-seeded-7020-sub-social', 'stud-seeded-7020', 'sub-social', 20, 15, 17, 19, 79, 78, now()) ON CONFLICT (student_id, subject_id) DO UPDATE SET fa1 = EXCLUDED.fa1, fa2 = EXCLUDED.fa2, fa3 = EXCLUDED.fa3, fa4 = EXCLUDED.fa4, sa1 = EXCLUDED.sa1, sa2 = EXCLUDED.sa2;
